epoch,training_loss,val_loss
0,0.4096655547618866,3.6652286052703857
1,0.17360717058181763,802196.75
2,0.1549130380153656,2.2188961505889893
3,0.14779241383075714,52.306617736816406
4,0.17023751139640808,2.0580596923828125
5,0.13972753286361694,0.4791505038738251
6,0.1341957300901413,64.098876953125
7,0.12777714431285858,2.8538382053375244
8,0.1301106959581375,2.2000133991241455
9,0.12905234098434448,2.7002196311950684
